id,name,email
211,"Cecep Hidayanto",wardaya.habibi@kusmawati.in
212,"Nrima Umaya Santoso",pudjiastuti.betania@farida.net
213,"Yunita Patricia Namaga S.H.",dina.mandasari@yahoo.co.id
214,"Tira Winarsih",michelle83@wahyuni.co.id
215,"Virman Damanik M.Ak",sitorus.raina@utama.tv
216,"Rahmi Halimah",nyoman.anggraini@gmail.co.id
217,"Elvin Hutagalung",agnes73@narpati.asia
218,"Satya Pranowo S.I.Kom",ouyainah@prayoga.info
219,"Salsabila Puspa Haryanti S.Pt",rahmi.samosir@gmail.com
220,"Uchita Ciaobella Handayani S.E.",gabriella.uwais@zulkarnain.web.id
221,"Candra Maulana",wlaksmiwati@manullang.asia
222,"Dalima Ghaliyati Winarsih",vera31@gmail.com
223,"Janet Padmasari",nashiruddin.padmi@gmail.co.id
224,"Natalia Susanti",imam.hutapea@yahoo.com
225,"Elon Mulyanto Nugroho",padmasari.mahdi@yahoo.com
226,"Harimurti Rafi Mangunsong S.H.",zulaika.hani@winarsih.sch.id
227,"Gilang Hidayanto",aisyah97@wulandari.in
228,"Kacung Tamba",budiman.ulva@maryati.co.id
229,"Karta Napitupulu",talia13@mulyani.go.id
230,"Pangestu Edi Budiyanto",rusman.winarno@yahoo.co.id
231,"Karna Kadir Manullang",hmansur@halimah.biz
232,"Budi Wahyudin S.H.",belinda.riyanti@wijayanti.co
233,"Puspa Ajeng Mandasari",narpati.xanana@yahoo.com
234,"Restu Salimah Nuraini S.I.Kom",sari42@yahoo.co.id
235,"Bella Farida",hamima.hutasoit@zulkarnain.id
236,"Ifa Sabrina Winarsih M.TI.",siregar.ghaliyati@lestari.or.id
237,"Mulyono Simbolon S.IP",galiono.farida@agustina.co
238,"Darman Adikara Pranowo",saadat02@ardianto.id
239,"Nilam Kezia Lailasari S.Pd",yoga27@hakim.biz.id
240,"Daryani Hardiansyah",fitriani.pratama@gmail.co.id
241,"Joko Rafi Habibi S.I.Kom",maya.wijayanti@gmail.co.id
242,"Kardi Marbun S.I.Kom",kawaca.januar@yahoo.com
243,"Citra Citra Oktaviani",ana06@uwais.tv
244,"Ikin Suwarno",yessi61@budiyanto.my.id
245,"Danu Edi Prayoga",fsusanti@haryanto.co
246,"Puspa Kuswandari",queen17@permata.co
247,"Nasim Widodo S.E.",tirta.mandasari@yahoo.co.id
248,"Aurora Pratiwi",maulana.patricia@usada.ac.id
249,"Jasmin Paulin Kusmawati M.TI.",wsuryatmi@yahoo.com
250,"Tira Hasna Mardhiyah S.E.I",adriansyah.zulaikha@gmail.com
251,"Salwa Cinthia Winarsih S.T.",rahmawati.rahmi@sihotang.info
252,"Kamaria Lidya Namaga",vino85@gmail.co.id
253,"Anastasia Agustina",yuniar.lutfan@gmail.co.id
254,"Cager Mursinin Sitorus S.H.",sitompul.sarah@ardianto.desa.id
255,"Bajragin Warta Halim",nainggolan.violet@gmail.com
256,"Padma Yulianti",asirwada36@yahoo.co.id
257,"Bahuwirya Kusuma Pranowo",luhung97@gmail.com
258,"Banawi Wibowo",hidayat.rina@yahoo.co.id
259,"Limar Okto Marbun M.TI.",sihombing.viman@nashiruddin.biz
260,"Rini Nasyidah",faizah.maryati@wahyuni.desa.id
261,"Karman Sihotang",devi93@pudjiastuti.my.id
262,"Bancar Tamba M.M.",paris07@gmail.co.id
263,"Emin Maulana",laila08@yahoo.co.id
264,"Sarah Rahayu S.Sos",usada.halima@saptono.go.id
265,"Zahra Lailasari",yunita89@yahoo.co.id
266,"Raditya Zulkarnain",caturangga.jailani@yahoo.co.id
267,"Luwes Pradana S.Gz",widya.anggraini@gmail.co.id
268,"Nova Pudjiastuti S.Kom",candrakanta49@gmail.com
269,"Usman Pranowo",paris34@yahoo.com
270,"Oni Wastuti",saefullah.siska@agustina.co.id
271,"Estiawan Wahyudin",dalima94@namaga.go.id
272,"Cahyo Simanjuntak",jane93@yahoo.co.id
273,"Elvina Farhunnisa Widiastuti",anggabaya.nuraini@yahoo.com
274,"Rahayu Zaenab Suartini",yhabibi@januar.info
275,"Wirda Nasyidah",dongoran.darijan@yahoo.com
276,"Ratih Winarsih",malik70@yahoo.co.id
277,"Wage Natsir",usamah.olivia@yahoo.com
278,"Eka Sihombing M.Pd",prakasa.surya@yahoo.co.id
279,"Ellis Cornelia Pratiwi",maya60@yahoo.com
280,"Anita Oktaviani",tlailasari@gmail.co.id
281,"Martaka Olga Setiawan M.Ak",namaga.kezia@yahoo.com
282,"Ibun Hidayat",permadi.karta@gmail.co.id
283,"Nilam Kuswandari",hariyah.raina@maulana.go.id
284,"Akarsana Tirta Hardiansyah",wibisono.queen@sitompul.mil.id
285,"Irma Anastasia Rahmawati S.Ked",cyuliarti@yahoo.co.id
286,"Hilda Fitriani Pudjiastuti S.Psi",opermata@yahoo.com
287,"Cakrajiya Santoso",paris.anggraini@lazuardi.org
288,"Elvina Yulianti M.Farm",jais96@yahoo.com
289,"Carla Nuraini",kamila19@yuliarti.biz
290,"Mala Sudiati",gutami@mardhiyah.id
291,"Agus Tampubolon S.Ked",mandala.cakrawala@hartati.biz
292,"Genta Belinda Wahyuni M.Ak",laksmiwati.maria@nuraini.web.id
293,"Jamalia Oktaviani",tkusmawati@nuraini.go.id
294,"Raditya Ardianto",panji78@yahoo.com
295,"Zaenab Palastri S.Gz",rahayu.cakrabuana@gmail.co.id
296,"Olga Alambana Waluyo S.I.Kom",icha.wacana@yahoo.co.id
297,"Harja Asman Pratama S.Kom",opudjiastuti@gmail.com
298,"Luwar Gunawan",chabibi@sitorus.co.id
299,"Hasim Saragih",rini87@yahoo.co.id
300,"Puji Tina Usada M.M.",mardhiyah.lili@yahoo.co.id
301,"Kamila Yulia Lestari S.Pd",dwi87@yahoo.com
302,"Atmaja Anggriawan",onugroho@gmail.co.id
